id;shape_eccentricity;shape_solidity;inscribed_circle_radius;symmetry_angle;symmetry_score;pixel_ratio_bug_to_total;r_min;r_max;r_mean;r_median;r_std;g_min;g_max;g_mean;g_median;g_std;b_min;b_max;b_mean;b_median;b_std;bug_area;bbox_aspect_ratio;obb_angle;obb_area;obb_aspect_ratio;mask_area_to_obb_area_ratio;hu_moment_1;hu_moment_2;bug_type;species
1;0.392483474;0.647038522;128.1386597;0;123910;0.007428042;5;208;68.0857449;56;47.95539885;3;199;54.88274725;37;45.31119678;0;193;39.89196906;24;36.25074696;178273;0.817351598;9.741228104;319639.8912;1.194767909;0.557730762;0.204842331;0.000290707;Bee;Apis mellifera
2;0.595417635;0.565343008;108.9409892;0;171128;0.008553;2;248;63.78649791;55;42.15350758;2;251;52.07965042;34;42.86612367;0;244;35.73514654;19;34.61711715;205272;0.660777385;80.87982941;448451.333;1.458959093;0.457735288;0.235097386;0.002575866;Bee;Apis mellifera
3;0.240478464;0.627266918;179.7346079;150;603388;0.022093125;3;255;107.1763331;114;58.77135874;0;255;87.79470989;86;60.05760424;0;255;63.38304337;52;54.82359569;530235;0.942908118;73.42276001;1146473.858;1.238441139;0.462492011;0.207384114;0.0000380115;Bee;Apis mellifera
4;0.735380433;0.608743439;104.149148;120;296948;0.013187375;5;219;87.58824254;88;46.32258745;3;213;71.0318518;61;46.08575994;0;201;50.43253491;36;37.4456207;316497;0.764467005;70.79170227;636974.5461;1.403597155;0.496875428;0.215533072;0.006382777;Bee;Apis mellifera
5;0.650616912;0.56707067;88.82423153;30;219456;0.009164625;6;255;123.1770031;134;62.35594416;0;250;100.8979636;91;63.02935461;0;245;80.94616983;63;60.62496158;219951;0.833537332;73.81327057;489124.8557;1.333300449;0.449682729;0.251222987;0.004548446;Bee;Apis mellifera
6;0.764464401;0.636697429;73.79328527;120;160794;0.005916833;7;201;100.4756204;109;49.6350403;4;199;84.38327794;78;51.3679358;0;204;68.36625025;55;48.98237133;142004;0.622746186;59.79045868;288120.5378;1.05585572;0.492863164;0.227106194;0.00879079;Bee;Apis mellifera
7;0.900217454;0.714096207;112.5175958;120;120064;0.00565875;11;238;91.57896326;87;41.37874969;9;234;72.75433326;70;36.76008198;4;223;50.99798984;42;34.73129526;135810;1.517321016;19.91640663;219511.8117;2.172360458;0.618691081;0.239685974;0.026640149;Bee;Apis mellifera
8;0;1;138.5784976;90;202136;0.007454083;4;168;55.60429407;47;35.6673231;4;171;43.24016479;31;35.56519094;3;183;36.92992655;24;37.34231348;178898;1;34.06091309;347967.5165;1.672627353;0.514122703;0.261494431;0.026424059;Bee;Apis mellifera
9;0.513579479;0.685416501;32.00981829;30;201686;0.007199417;6;255;87.62007339;93;52.73279932;3;255;71.39061614;64;51.89471513;0;254;68.25091732;57;54.63180012;172786;0.963020031;61.51266098;374757.4124;1.055489601;0.461060927;0.243643565;0.001366771;Bee;Apis mellifera
10;1;1;167.6096656;60;245048;0.015783458;4;255;82.97670029;80;52.4215809;0;255;63.63256363;48;48.94095559;0;255;60.44038194;45;50.82663964;378803;0.02247191;9.115290642;673731.5882;1.254923825;0.562246162;0.212715964;0.000716597;Bee;Apis mellifera
11;0.614682743;0.75356896;100.42894;30;201858;0.013630917;12;255;120.4433885;124;45.80367994;2;246;89.04904292;90;42.44465622;0;255;82.30172524;80;46.70092122;327142;1.090277778;84.55305481;557969.8933;1.077246551;0.58630762;0.198629873;0.002140973;Bee;Apis mellifera
12;0.361299903;0.707214501;52.50743728;30;364396;0.018040083;10;235;109.4201754;108;44.65068681;0;195;75.59593452;72;37.59269577;0;255;82.70238728;73;51.19626268;432962;0.947882736;86.42366791;784700.6942;1.121951182;0.551754323;0.219442265;0.000234687;Bee;Apis mellifera
13;0.895904374;0.638343729;161.0222402;90;231648;0.01632;5;255;104.9175143;100;47.95069202;3;255;78.35397263;71;42.87685784;0;255;52.59309896;43;39.57152027;391680;0.484081633;86.54483032;673766.7405;2.11940261;0.581328784;0.249474849;0.027972684;Bee;Apis mellifera
14;0.568083873;0.728675234;58.8825624;68.625;132502;0.010996042;10;255;137.1599401;136;52.05805246;0;245;107.2828253;103;48.88082811;0;255;99.55602963;91;51.47652083;263905;0.818734793;30.77521324;467191.5077;1.226612127;0.564875422;0.207444745;0.001592179;Bee;Apis mellifera
15;0.599811631;0.508189104;119.6927327;120;322448;0.015960667;9;255;123.5895143;125;51.20761592;0;254;94.87885844;98;45.32117091;0;255;80.78055689;82;41.51759547;383056;0.910531221;77.3741684;897552.9696;1.186124231;0.426778155;0.246859896;0.002923015;Bee;Apis mellifera
16;0.839666917;0.533062741;115.4437821;150;394910;0.016806708;13;255;107.1266979;100;46.7208741;0;255;87.01905489;84;40.77949542;0;255;66.91029624;62;34.57744721;403361;0.728639241;56.55631638;1052563.802;1.678798483;0.383217625;0.297113066;0.026146324;Bee;Apis mellifera
17;0.440465119;0.562579475;127.4343057;90;267224;0.014791667;3;255;122.8128507;117;48.4813716;0;255;106.6662817;110;47.31637552;0;255;74.72309014;66;44.37497448;355000;0.961277832;32.437397;818339.0592;1.056993715;0.433805519;0.223201688;0.000573388;Bee;Apis mellifera
18;1;1;229.7868578;150;208758;0.013739375;17;255;137.0383721;133;49.88789876;0;255;112.8996619;110;47.94826171;0;255;96.12440825;88;48.83874497;329745;0.117647059;15.57254219;981043.3267;1.250436943;0.336116654;0.263595631;0.000794071;Bee;Apis mellifera
19;0.396547129;0.629032258;187.2565086;30;160164;0.012374958;7;255;107.6646016;106;37.6188693;0;255;88.38125718;96;38.37863581;0;255;65.91770679;63;33.29145925;296999;1;63.81188965;571762.0729;1.18731052;0.519445087;0.216831496;0.002911008;Bee;Apis mellifera
20;0.684067201;0.63364548;155.6407921;150;342694;0.019336625;8;255;91.69727137;88;55.17673291;0;255;68.29882628;61;47.4064128;0;255;60.56009645;49;45.91920867;464079;1;56.07020569;1075527.889;1.036490627;0.431489508;0.233579932;0.005088956;Bee;Apis mellifera
21;0.812270029;0.561734937;79.12998007;60;331370;0.016043792;14;235;123.0763743;119;41.17356949;3;207;101.7805537;104;37.92597211;0;255;100.207331;97;45.5709835;385051;0.583141762;10.78429794;912278.5475;1.613599579;0.422076131;0.277772483;0.01870534;Bee;Apis mellifera
22;0.474288224;0.598721087;103.2570943;60;322544;0.013813417;9;255;146.0890318;162;68.41924354;0;255;105.8287896;111;59.33762373;0;255;103.9016144;99;66.66994485;331522;0.776223776;76.89472961;711082.0876;1.398157438;0.466221841;0.220530111;0.000783369;Bee;Apis mellifera
23;0.927774193;0.702007865;113.0098183;120;259406;0.016773917;4;255;116.2037216;119;46.68012376;0;255;98.59271587;103;47.23387425;0;255;81.48323538;77;45.55266136;402574;0.698887938;26.0418148;722196.0955;2.407236292;0.557430319;0.293330077;0.049117426;Bee;Apis mellifera
24;1;1;221.4723459;21;337880;0.022504792;0;255;77.35827;75;44.13648419;0;255;51.63431491;44;34.65358858;0;255;50.16551105;38;39.57255756;540115;0.666666667;8.972626686;956121.576;1.044002506;0.56490201;0.222155306;0.000413427;Bee;Megachile centuncularis
25;0.769512861;0.456847428;182.9551653;0;170454;0.011481458;4;255;98.57262615;103;49.20952044;0;255;88.23122789;93;49.10744915;0;255;82.66385658;87;47.79123014;275555;0.583122363;9.366509438;791745.6018;1.835891492;0.348034772;0.263892742;0.01233137;Bee;Apis mellifera
26;0.710144464;0.628024163;65.44681088;0;323160;0.016388667;3;255;102.4915719;110;66.54924628;2;255;84.50395344;87;56.5518638;0;255;89.83608083;86;64.94403727;393328;0.673746814;67.02727509;900052.6978;1.089492723;0.437005523;0.250176663;0.007113629;Bee;Andrenidae
27;0.792827164;0.76156106;42.6478295;60;66152;0.003765042;9;255;108.0170096;108;44.81818123;0;255;73.94240878;69;41.26398318;0;255;60.03176149;52;40.26937011;90361;1.364741641;80.90972137;142756.9925;1.373269551;0.632970746;0.207101903;0.008975269;Bee;Apis mellifera
28;1;1;123.004065;30;129870;0.0075635;9;255;152.4756892;170;59.95392429;4;255;129.3886153;141;59.31760474;0;255;111.499686;111;61.91163808;181524;0.048780488;79.33021545;430796.0575;1.158690162;0.421368759;0.226611826;0.009075429;Bee;Apis mellifera
29;0.778596972;0.672687583;44.2138905;60;331528;0.014925208;0;255;95.33711981;93;57.2367895;0;255;78.60284753;72;54.2943867;0;255;68.72074092;58;50.89894395;358205;0.741830065;2.23479867;607946.4851;1.342469625;0.589204821;0.213686458;0.008633621;Bee;Andrenidae
30;0;1;201;60;273106;0.017855458;21;255;138.3798908;132;49.31233199;0;255;99.06911752;100;44.21555971;0;255;77.28227596;69;48.50761107;428531;1;67.88064575;837599.2292;1.089415779;0.511618188;0.210724415;0.00146336;Bee;Apis mellifera
31;0.504997367;0.747137365;135.7338029;152.8710938;138808;0.011362125;8;255;130.8031362;139;50.0742969;0;255;110.8420557;120;49.40002021;0;255;93.56194741;95;47.63672064;272691;1.058252427;18.15613937;467961.4651;1.054200928;0.582721058;0.207101686;0.000916972;Bee;Apis mellifera
32;0.550380255;0.612674817;70.01696078;0;211672;0.009864167;2;255;91.08693926;81;68.51819481;0;255;76.28341641;61;60.86169712;0;255;74.6941328;58;58.45082251;236740;0.823455233;7.209962368;468951.6154;1.28478863;0.5048282;0.239429723;0.001826426;Bee;Apis mellifera & Megachile centuncularis
33;0.546112273;0.565829715;121.2739927;90;167308;0.008155917;6;255;84.73465071;77;55.26763537;2;255;70.85525845;63;50.38532093;0;255;55.4967968;42;44.80968302;195742;1.015686275;28.50486755;536381.7016;1.272510776;0.364930421;0.252124046;0.001952356;Bee;Apis mellifera
34;0.510390494;0.603370224;71.17863168;30;173430;0.0080445;7;255;79.30026208;70;51.36076855;5;255;65.87739035;51;48.33149801;0;255;44.3358454;32;36.99091697;193068;0.876510067;81.35797119;465975.6308;1.209212871;0.41433068;0.278326651;0.001723337;Bee;Apis mellifera
35;0.836490251;0.813767463;75.69997617;60;76372;0.00541725;5;192;71.28806129;57;48.88376754;5;188;57.11564139;37;49.54143219;0;182;48.08397557;28;47.20218513;130014;1.59833795;84.35944366;187499.5486;1.715246741;0.693409669;0.212021903;0.013017528;Bee;Apis mellifera
36;0.478318664;0.653917292;85.00981829;120;203534;0.009457333;9;255;111.748295;118;50.74702262;7;255;88.43912572;97;46.22214216;5;238;63.46918617;65;35.49956243;226976;1.161434978;13.13402271;485982.2347;1.078936058;0.467045879;0.238161023;0.00094639;Bee;Apis mellifera
37;0.652355712;0.624612303;48.0306471;30;242442;0.0104475;11;255;142.6035256;151;63.64925023;8;255;117.7219869;128;62.29575644;0;255;91.58747308;88;53.26071983;250740;1.015018773;44.21517563;543358.6883;1.01253419;0.461463128;0.261274751;0.004985397;Bee;Apis mellifera
38;0.673517551;0.780043823;142.5720854;30;392780;0.01157;0;255;111.8418287;109;47.02696545;0;255;92.67999136;91;45.57876729;0;255;73.69265702;65;44.0989269;277680;1.12371134;69.32556915;449056.2147;1.235993669;0.618363561;0.19085386;0.003134501;Bee;Apis mellifera
39;0.563781596;0.71631466;188.1055386;150;240474;0.016584833;4;255;92.50466792;87;50.42578035;0;255;68.2136465;65;44.58816868;0;255;53.356518;45;41.98480314;398036;1.18343949;90;725841;1.183908046;0.548379053;0.202620818;0.001465825;Bee;Apis mellifera
40;0.816496581;1;168.7512963;150;327738;0.01470125;8;210;85.4321798;90;39.00912967;5;191;71.09253181;72;34.21862788;0;152;56.04179066;52;29.16526743;352830;1;0;680750;1.124678663;0.518295997;0.23175323;0.000349044;Bee;Andrenidae
41;0.9136943;0.729092792;85.33859421;90;123720;0.0093895;8;255;107.5233062;101;55.84521327;5;255;97.90795126;89;55.90193503;0;255;77.16804675;62;52.38133532;225348;2.223529412;81.60585785;366728.5375;2.267966312;0.614481768;0.264268233;0.03585258;Bee;Andrenidae
42;0.419968294;0.666861635;157.2007849;60;227548;0.013253875;3;255;108.2712351;102;46.35064452;0;255;92.45467835;91;45.36817959;0;255;76.25330328;68;42.86306993;318093;0.973713034;51.3401947;530569.0074;1.073761366;0.599531815;0.197417489;0.000364557;Bee;Apis mellifera
43;0.778687388;0.60201278;173.7481272;120;314168;0.019391333;11;255;119.0475449;122;47.99796881;0;255;85.42250404;84;44.95245865;0;255;76.48012858;79;42.72230914;465392;1.247821878;30.55596352;944962.9477;1.656227898;0.492497617;0.238785612;0.010793541;Bee;Apis mellifera
44;0.334632571;0.644136787;87.33106427;120;255718;0.012554333;9;255;127.0018387;127;48.30789912;0;255;103.2935374;106;45.19593159;0;255;88.42585561;85;45.46596518;301304;1.191677175;72.71850586;672549.5025;1.049243189;0.44800271;0.235327498;0.000194807;Bee;Apis mellifera
45;0.718113961;0.656375542;134.8170881;90;230060;0.013615417;9;235;89.05096857;79;46.04028813;6;217;74.80014689;68;42.821848;0;250;47.33235609;32;42.04209302;326770;1.030573248;5.339237213;607058.8761;1.097019154;0.538283868;0.217365543;0.005703012;Bee;Megachile centuncularis
46;0.354548437;0.757174613;168.3190575;146.3671875;239254;0.020934458;5;255;98.75631485;98;45.1169834;0;243;84.42244744;84;42.30267497;0;241;68.46663694;60;44.16185656;502427;1.046927374;1.14576292;832500.2534;1.058023898;0.603515732;0.194245333;0.000169718;Bee;Megachile centuncularis
47;0.445019998;0.758079149;84.93920072;90;216804;0.012116;3;255;94.85472722;87;59.19822101;0;243;82.95425814;78;52.42729801;0;255;109.7019575;97;66.94287515;290784;0.992136304;4.497151375;572924.1717;1.029825118;0.507543606;0.213926669;0.000552789;Bee;Megachile centuncularis
48;0.764018475;0.781113202;155.203246;90;114282;0.009546375;6;255;109.0677657;111;62.73058274;4;237;89.05055584;87;54.26655384;4;255;110.6653267;101;66.23459967;229113;1.433996383;78.43987274;411187.8849;1.524675238;0.557197837;0.211639853;0.007608774;Bee;Megachile centuncularis
49;0.672160895;0.944068504;277.3723969;30;170948;0.01780525;32;255;181.8391181;189;38.70784946;14;255;184.9042558;192;37.77343469;17;255;159.3861736;155;44.09615551;427326;1.167776298;35.28674698;629427.0856;1.456530638;0.678912633;0.177567299;0.002685128;Butterfly;Pieris rapae
50;0.618908915;0.705828666;137.0098183;34.6875;355036;0.019849667;10;255;122.1174474;121;54.72590693;4;250;95.00974827;88;53.27815149;4;255;104.8652265;102;56.37440616;476392;1.177240685;34.12613678;941695.6885;1.318200948;0.505887418;0.212013649;0.002522554;Bee;Megachile centuncularis
51;0.653929916;0.724286131;183.9282785;30;430726;0.021936333;5;247;129.2709603;135;52.81239304;2;248;108.5601475;108;50.47306294;2;255;131.835127;134;58.2764069;526472;0.724137931;57.04257202;1083303.052;1.044176398;0.485987738;0.220750708;0.003604262;Bee;Megachile centuncularis
52;0.538319117;0.735359169;168.0098183;0;364672;0.020392;7;245;109.4114256;110;47.05223512;0;240;97.11783829;98;47.87680502;6;255;105.9219056;102;51.5217164;489408;1.066047472;11.6893692;955579.1425;1.115200717;0.512158521;0.216131487;0.001341205;Bee;Megachile centuncularis
53;0.660757715;0.772617188;151.8419624;30;341394;0.0164825;19;255;124.5028995;118;48.61106263;0;234;105.1221144;102;46.84213427;1;241;105.5917615;98;46.93231969;395580;1.29747676;7.765166759;709834.7811;1.356284644;0.557284611;0.211024952;0.003472936;Bee;Megachile centuncularis
54;0.801934602;0.622942808;111.0503514;30;267852;0.01179075;7;234;111.7414817;104;55.12735174;0;240;99.25816495;91;55.8758584;0;238;84.50671784;70;53.71306248;282978;0.990836197;40.42607498;624519.0768;1.050910715;0.45311346;0.249161521;0.013945096;Bee;Megachile centuncularis
55;0.576395171;0.670660872;147.8005413;0;279580;0.013451333;4;220;71.99095195;67;40.42840314;0;191;47.83719706;38;38.23780395;0;170;33.59469631;22;31.98120602;322832;1.076830732;51.95295715;557966.8184;1.22874866;0.578586377;0.210493253;0.001758272;Bee;Megachile centuncularis
56;0.731007216;0.696073897;99.7394528;0;146168;0.008527833;0;255;92.56455333;80;54.07594999;0;255;76.8673266;67;50.86139309;0;255;59.92730178;47;43.96355958;204668;0.742599743;15.52410889;376592.5221;1.371297308;0.543473351;0.228463427;0.006938606;Bee;Anthidium manicatum
57;0.783964286;0.652690388;105.5607539;120;132596;0.007866333;0;255;94.59632294;83;54.85508321;0;255;79.68334463;69;52.26630391;0;255;62.76728887;49;45.39312149;188792;0.750325098;12.93805599;376877.0465;1.363520259;0.50093791;0.245826531;0.011893023;Bee;Anthidium manicatum
58;0.370480229;0.721366415;48.83604075;150;317798;0.010403667;3;255;74.82939509;68;49.4922773;1;255;60.47057528;54;43.8240633;0;255;52.16240668;39;43.68838298;249688;0.838587642;84.42780304;507138.8807;1.219704156;0.492346396;0.234178015;0.000297746;Bee;Anthidium manicatum
59;0.414544407;0.629714003;24.09300744;150;308446;0.0114715;3;255;84.08003167;74;57.53349456;0;255;68.27645687;60;51.72035803;0;255;62.41357931;43;54.71550667;275316;0.961584634;75.13620758;655816.1058;1.060535087;0.419806707;0.273865783;0.000662727;Bee;Anthidium manicatum
60;0.555147867;0.679306717;76.41008007;60;112122;0.007962833;6;255;107.6594753;104;54.9768606;6;255;85.07537099;78;51.04521187;0;255;68.87141302;57;46.31843397;191108;0.936406995;19.53665352;352109.7873;1.071762023;0.542751173;0.204006878;0.001381086;Bee;Anthidium manicatum (+Apis mellifera)
61;0.745214869;0.576831924;80.01606804;120;476442;0.016996833;4;211;75.80724841;70;49.4669297;3;193;52.75580255;47;34.12138299;3;240;69.63907247;58;46.39927561;407924;1.18363064;16.89864922;994430.6275;1.354759619;0.410208605;0.2979549;0.013118946;Bee;Anthidium manicatum
62;0.615688239;0.631250098;102.9515494;120;473026;0.0200545;3;193;59.27995171;49;40.58584645;0;182;40.5533089;33;31.2401784;0;208;49.02788443;42;32.39865906;481308;1.477741585;32.60033035;1037784.307;1.23350235;0.463784234;0.249123726;0.003394268;Bee;Anthidium manicatum
63;0.91566225;0.807094688;136.8601014;150;303424;0.013184833;0;255;73.01900858;46;65.25463976;0;255;57.9913853;33;58.79761751;0;255;59.97676623;41;54.73154001;316436;0.691987513;34.35433578;499982.6518;1.982250973;0.632893959;0.25696335;0.03440316;Bee;Anthidium manicatum
64;0.628324629;0.619491539;111.0098183;60;579534;0.02632075;1;187;67.26484174;69;44.36605732;0;185;50.05345592;41;35.27941715;0;196;55.19816431;49;35.77181741;631698;0.72504957;47.93567276;1262151.696;1.269165149;0.50049293;0.253448847;0.003885566;Bee;Anthidium manicatum
65;0.689428329;0.672017654;152.2366228;60;326366;0.024412833;2;202;59.47885163;51;41.52924319;0;177;39.97087427;31;31.19852511;0;225;52.6111864;43;38.9254058;585908;1.415469613;4.398705482;1143477.217;1.315945359;0.512391494;0.246718744;0.005915596;Bee;Anthidium manicatum
66;0.689099238;0.617530151;80.10975586;120;567276;0.024656667;0;255;91.45933149;93;66.0464004;0;255;72.93351697;66;58.18152927;0;255;70.81611802;57;59.95440831;591760;0.702814001;3.965632915;1438672.739;1.499146519;0.411323565;0.273825083;0.007268635;Bee;Anthidium manicatum
67;0.804059222;0.579403071;82.04639549;120;433892;0.017510333;0;255;110.3357589;99;59.10087199;0;255;89.91863376;85;54.38322765;0;255;88.13911785;74;55.41498253;420248;0.563139932;1.047178626;1191678.39;1.80012046;0.352652195;0.335464891;0.025676569;Bee;Anthidium manicatum
68;0.585271405;0.73023638;52.84919754;120;643024;0.0161465;5;255;109.2860733;104;59.9236893;4;255;92.61858091;88;54.36656872;4;255;84.73291683;74;52.80507302;387516;0.933402706;60.39554596;843099.0685;1.284272013;0.459632817;0.247840011;0.002623538;Bee;Anthidium manicatum
69;0.74942726;0.713388013;223.1532699;25.125;273678;0.017729;0;232;63.17977607;52;46.06679906;1;253;61.18455168;56;41.13404587;0;255;54.62972155;48;44.47146615;425496;1.242707118;69.14553833;783527.5208;1.4677509;0.543051761;0.20435896;0.006367528;Bee;Xylocopa
70;0.884522343;0.768295854;168.2536889;0;193300;0.015266167;0;255;50.69719805;40;37.87117694;0;255;48.74256526;41;34.6312778;0;255;44.75581897;39;37.39960514;366388;1.773286467;90;570969;1.776014109;0.641695083;0.231540769;0.022134334;Bee;Xylocopa
71;0.872863131;0.702583931;99.00981829;60;182490;0.006874667;6;255;99.34523492;93;50.06103384;4;255;73.53630479;66;45.85563568;0;255;54.45639183;44;42.74978253;164992;0.886255924;16.53483772;280520.2507;1.875256457;0.588164311;0.248105662;0.023309852;Hover fly;Eristalis
72;0.937455574;0.686718932;160.1878442;60;202218;0.0073725;7;255;128.6501582;137;60.84687979;0;255;115.8463773;123;63.48396501;0;255;74.54777326;70;48.48574799;176940;3.211382114;73.30075836;412224.1806;3.227821094;0.429232462;0.321976968;0.063694803;Hover fly;Eristalis
73;0.597736348;0.712263845;158.1521592;90;379896;0.018310167;5;255;135.7229363;142;56.91482763;0;255;118.4393188;125;61.8914241;0;255;91.79726655;87;60.60547158;439444;1.024767802;30.78985214;837484.9879;1.11354317;0.524718659;0.21892711;0.002267333;Hover fly;Eristalis
74;0.708325094;0.738243741;137.1885338;60;405864;0.016965333;6;255;128.2682726;130;47.53618935;3;255;108.8229601;108;53.56727055;1;255;76.27223407;69;45.67928054;407168;0.871097684;7.125016689;845800.3393;1.099561497;0.481399665;0.241502872;0.00654021;Hover fly;Eristalis
75;0.894712594;0.751114149;27.52345127;30;116374;0.00476125;12;255;105.5533211;90;59.65607775;6;255;81.65403868;67;54.49472531;2;255;78.60267787;65;53.32313629;114270;0.783985102;34.82448959;191410.5477;1.807721817;0.596989045;0.246893318;0.027149389;Bee;Macropis fulvipes ?
76;0.869718089;0.789093778;187.0098183;90;283928;0.013378;5;255;110.8337507;111;61.55467502;0;255;90.53487068;96;58.38615623;0;255;64.45392934;60;49.20319627;321072;1.869875223;82.22028351;559527.35;2.13721328;0.573827177;0.232984634;0.020082317;Hover fly;Eristalis
77;0.689315457;0.580008549;120.4408569;30;204700;0.007123375;0;255;84.87350331;74;56.43332911;0;255;68.95140997;57;53.6067562;0;255;67.02446757;52;53.41915657;170961;0.856191744;32.10625458;411849.2786;1.208426966;0.415105741;0.283564205;0.007807715;Bee;Macropis fulvipes ?
78;0.574403802;0.522136288;33.00981829;30;379530;0.019386833;0;255;84.15991309;72;60.52150963;1;255;73.1655591;55;57.55922568;0;255;44.34384806;30;40.83407675;465284;0.823305407;37.87498474;1387775.681;1.072794598;0.335273205;0.31441217;0.003858368;Wasp;Vespula germanica
79;0.877181165;0.644576593;149.1643389;90;350024;0.012790333;4;255;85.31110409;86;60.53034435;3;255;65.12718264;59;48.829675;0;255;44.0072418;26;44.88349079;306968;0.574448529;10.57875824;609788.4448;2.184635842;0.503400815;0.303687009;0.036058597;Wasp;Vespula germanica
80;0.88616087;0.68029481;36.06533104;0;183560;0.012707;2;255;76.44239396;70;57.97136115;0;255;59.14338226;46;49.17503236;0;255;43.44553855;21;48.38407488;304968;0.511524823;14.99507904;590888.7833;2.392863288;0.51611743;0.274560341;0.031504624;Wasp;Vespula germanica
81;0.925031211;0.635985732;83.22640317;0;387480;0.015636167;3;255;88.10591631;87;60.11675446;2;255;68.73323332;58;52.76957914;0;255;48.52152595;25;49.50401448;375268;0.522965351;16.79837227;757830.1725;2.071827553;0.495187462;0.298436724;0.049806459;Wasp;Vespula germanica
82;0.901237992;0.331412745;17.27249479;90;1416560;0.040244333;0;255;112.9448297;116;56.71495982;0;255;96.30270307;96;53.9549414;0;243;75.13899783;65;50.73854161;965864;0.531732983;8.919228554;4457297.558;1.839185071;0.216692735;0.634518587;0.188270336;Dragonfly;Aeshnidae
83;0.874860514;0.76918466;671.086565;0;1900972;0.187457833;1;255;93.76569486;66;78.55876753;0;242;83.50691222;54;72.62943819;0;234;61.49863658;40;53.19102758;4498988;0.591106568;47.29060745;8169013.872;1.261377429;0.550738201;0.219248627;0.01847409;Butterfly;Papilio machaon
84;0.790673847;0.855377386;170.4269536;0;185032;0.015821866;3;255;100.182871;95;69.51829678;1;243;84.7904658;69;65.67095153;0;255;82.13378505;66;66.87957165;241006;1.131868132;60.11626434;343925.602;1.618498416;0.700750391;0.199537072;0.008232573;Bumblebee;Bombus hortorum
85;0.468059515;0.729063971;306.1878711;30;961532;0.052836333;4;233;77.69553858;75;52.77881864;0;174;22.56400425;13;25.33270899;0;159;22.72829697;13;25.43445813;1268072;0.749458874;64.7988739;2234896.574;1.268859093;0.567396279;0.188837803;0.000528822;Bumblebee;Bombus hortorum x2
86;0.848469538;0.804144766;210.5187255;0;546056;0.0253965;2;255;91.79119826;86;66.16599038;1;255;73.79271914;61;58.6818608;0;255;61.99315851;45;55.98220489;609516;0.971855761;38.92754364;918767.4264;1.569752421;0.663406192;0.212070679;0.014223905;Bumblebee;Bombus hortorum
87;0.869620718;0.881378052;184.1239133;0;248180;0.025438333;0;255;67.63741073;44;64.11920735;0;255;52.78134869;27;59.01675756;0;255;37.98476872;18;54.78764323;610520;0.532846715;1.909152269;782608.1058;1.913983497;0.780109477;0.217081826;0.017421815;Bumblebee;Bombus hortorum
88;0.522618056;0.828114191;235.7151428;0;648920;0.0432945;5;249;90.54806038;88;57.64051145;0;210;39.04691608;31;34.50137443;0;176;39.15233555;25;36.03608649;1039068;0.840768703;24.51964569;1696817.44;1.010568896;0.612362871;0.194280211;0.000944225;Bumblebee;Bombus hortorum x2
89;0.572388158;0.805469088;221.4257165;90;179260;0.019838167;0;200;81.51463299;91;54.26400798;0;184;70.09355283;69;51.06557497;0;193;65.46795739;51;50.65229507;476116;1.078860898;57.42594147;824614.8925;1.089546622;0.577379822;0.187754718;0.00135294;Bumblebee;Bombus hortorum
90;0.632653663;0.762514979;127.0255653;30;262794;0.0197255;1;255;81.16849172;74;49.59129829;1;255;59.1088291;50;42.39947916;0;255;57.07836726;45;44.60270021;473412;0.991001125;1.401452065;777589.6297;1.017400846;0.608819848;0.188547408;0.002225366;Bumblebee;Bombus pascuorum
91;0.857207966;0.867712824;317.9799427;150;1336000;0.039453167;3;255;89.49876753;80;64.29633802;0;255;71.18484258;55;57.53409805;0;255;55.74799657;41;50.37184085;946876;0.866759195;46.98375702;1345986.014;1.77050119;0.703481307;0.206424951;0.014373237;Bumblebee;Bombus hortorum
92;0.584328272;0.709180644;327.9244413;120;702592;0.034042917;2;230;81.07760303;84;53.40969725;2;215;68.28644481;66;48.60526504;0;255;71.70087634;62;57.07546876;817030;1.274785324;37.80653;1544727.094;1.088554356;0.528915433;0.213671037;0.00193489;Bumblebee;Bombus hortorum
93;0.69773928;0.915019114;360.811703;30;394336;0.038795667;1;236;75.54917431;68;51.24001775;0;218;56.11403443;45;44.06745153;0;255;42.42026171;30;40.3050663;931096;1.095808383;69.55044556;1349470.312;1.223996831;0.689971459;0.183519525;0.003486323;Bumblebee;Bombus hortorum
94;0.756899677;0.624011441;301.0646306;30;639168;0.0403435;3;255;96.504566;92;61.53062995;0;255;83.50684332;68;61.69460694;0;255;44.77779878;37;38.5971477;968244;1.095524382;38.82982254;1837134.274;1.197453475;0.52704041;0.201537124;0.006443315;Bumblebee;Bombus hortorum
95;0.869492482;0.855767665;277.6606782;90;863240;0.028906833;0;255;71.71341695;55;62.06717409;0;255;54.98213658;38;50.52922799;0;255;31.64176867;21;31.17620336;693764;0.772911598;90;1170681;1.294426919;0.592615751;0.213736318;0.016872957;Bumblebee;Bombus hortorum
96;0.778500775;0.900008627;304.1890418;120;448086;0.0365135;2;255;105.8427168;107;64.73697664;2;255;87.95749061;90;56.50285267;0;255;64.01955669;53;50.84682456;876324;0.663216011;49.18491364;1342831.224;1.074596154;0.652594298;0.191104627;0.00690387;Bumblebee;Bombus hortorum
97;0.849099112;0.88094433;323.0098183;90;300288;0.038646;3;255;100.5997721;93;71.12899289;0;255;81.18749353;66;66.11335605;0;255;70.20899964;49;65.63988891;927504;0.631262525;5.417022228;1349326.807;1.639972799;0.687382771;0.200675352;0.012795571;Bumblebee;Bombus hortorum
98;0.765172401;0.724211498;217.6999651;150;636522;0.026421167;0;174;53.36859809;29;50.0597273;0;170;49.71052723;21;51.0711291;0;196;40.64542633;14;45.36482639;634108;0.800166528;90;1149841;1.250260688;0.551474508;0.216294613;0.008015227;Bumblebee;Bombus hortorum
99;0.768467767;0.855146355;318.1450097;150;631138;0.0363615;0;255;60.03841174;53;44.53354886;0;255;44.70160289;31;37.34834651;0;255;34.32901787;21;32.72125958;872676;1.638920135;80.86982727;1251810.089;1.573351637;0.697131304;0.193680201;0.006585204;Bumblebee;Bombus hortorum
100;0.604061736;0.793064778;230.1076236;150;268646;0.025340667;1;255;57.15088231;35;51.68615609;1;255;48.67015962;27;46.36411962;0;255;43.05535075;22;44.33138301;608176;1.007744434;24.1666317;968085.8404;1.041740048;0.628225282;0.181633936;0.001642955;Bumblebee;Bombus hortorum
101;0.705655975;0.759211692;282.9833153;150;309406;0.0257145;0;255;79.702799;75;58.74918258;0;255;64.67220343;53;52.89373196;0;255;56.63262945;40;51.07557513;617148;1.467353952;65.43283081;1037998.122;1.325063916;0.594555989;0.190843492;0.004002748;Bumblebee;Bombus hortorum
102;0.790066603;0.771332523;175.4207644;150;489988;0.026654167;0;255;68.93065812;52;60.1703304;0;255;56.02605127;38;52.41067363;0;255;50.02408785;30;52.4957826;639700;1.057918552;38.65980911;1039004.931;1.358392759;0.61568524;0.20222082;0.008417812;Bumblebee;Bombus hortorum
103;0.721947071;0.784577253;292.1690215;30;296088;0.028225167;0;255;81.31879204;83;59.19534254;1;255;66.79023891;59;52.09645096;0;255;58.25595213;45;50.06910933;677404;0.802621434;48.17982483;1089131.72;1.164807499;0.621967011;0.19355478;0.004653876;Bumblebee;Bombus hortorum
104;0.806542075;0.717625397;156.4355195;30;529294;0.024927167;2;250;76.4286839;57;62.13244295;1;240;70.00845463;44;62.86798201;0;249;60.49168745;40;56.42238608;598252;0.979609176;66.89929962;1100475.735;1.221307309;0.543630342;0.227776087;0.012055497;Bumblebee;Bombus hortorum
105;0.795050397;0.92439896;261.8952894;0;125400;0.023710833;3;255;80.15438618;66;61.54059801;0;255;61.10296981;42;57.11019666;0;255;53.96878009;31;57.5592162;569060;1.46090535;2.009553909;759083.5242;1.492955236;0.749667173;0.188604907;0.007595899;Bumblebee;Bombus hortorum
106;0.550504307;0.734736401;270.1523732;150;353784;0.0315595;0;255;68.10974773;65;45.03107666;0;255;51.90527416;48;37.10612304;0;255;40.5233712;36;30.6891998;757428;0.801314828;24.10223579;1387083.757;1.011301615;0.546057868;0.195600878;0.00122025;Bumblebee;Bombus hortorum
107;0.45378041;0.780177387;251.2009806;150;152188;0.021639;6;255;108.2932918;110;59.50034643;0;255;83.63727914;83;52.28753963;0;255;64.08316581;59;39.56756179;519336;1.115246098;90;770337;1.115523466;0.67416728;0.180010178;0.000426866;Bumblebee;Bombus hortorum
108;0.674817479;0.830378213;217.6999651;0;159128;0.0153065;1;255;71.41703144;70;45.57685408;0;255;54.89458727;47;39.86674626;0;255;52.61943183;41;43.66181757;367356;0.770165746;61.82140732;549894.7264;1.399819124;0.668047869;0.178554876;0.002771052;Bumblebee;Bombus hortorum
109;0.396348137;0.544062878;268.7103951;60;655420;0.032649667;3;220;81.87139226;81;50.8625249;0;209;65.75769916;56;48.81402087;0;255;46.88347635;43;35.73944445;783592;1.096876992;40.01999664;1990450.406;1.053860919;0.393675722;0.254878947;0.000472028;Bumblebee;Bombus hortorum
110;0.530098656;0.808145167;234.1935069;0;200132;0.021689;3;245;73.2334728;74;45.70299875;2;227;64.10663047;68;40.82381741;0;233;37.59503858;32;29.48510964;520536;1.098039216;29.46298409;742877.4185;1.058406733;0.700702413;0.177390891;0.000840892;Bumblebee;Bombus hortorum
111;0.73973807;0.803402498;226.8004707;150;383310;0.021688333;2;255;76.99542957;68;55.97449136;1;255;64.80999577;49;52.97788769;0;255;57.72821794;40;51.09289778;520520;1.043095005;36.86989594;756484.7146;1.255604312;0.688077353;0.190504221;0.005149896;Bumblebee;Bombus hortorum
112;0.626262201;0.902150002;375.0098183;150;413780;0.044359167;0;255;73.91542804;63;59.90428843;0;255;57.91564784;47;51.99952187;0;255;57.84230993;45;54.86500518;1064620;1.069128044;27.3498745;1501832.336;1.087357587;0.708880728;0.177318677;0.001870993;Bumblebee;Bombus hortorum
113;0.71998864;0.884409558;358.9025599;60;321338;0.028797333;0;255;56.54241423;28;58.17161217;0;255;46.62733239;17;53.53316347;0;255;40.95559195;15;50.8480503;691136;1.365663322;32.27564621;1017153.88;1.469380072;0.679480277;0.178638695;0.003906449;Bumblebee;Bombus hortorum
114;0.802402446;0.767189451;174.4632505;30;193322;0.018531333;1;255;59.92642192;40;50.2405661;0;255;48.01742094;29;43.60346812;0;255;41.47479719;23;41.18359987;444752;0.982627579;48.01278687;748111.9902;1.475106849;0.594499227;0.198261766;0.00885995;Bumblebee;Bombus hortorum
115;0.782050495;0.937075336;170.3653289;150;229272;0.014578667;0;255;48.25757385;27;46.34631385;0;255;35.06382614;19;35.56704648;0;255;28.610704;15;36.44290499;349888;0.689045936;88.85424042;493218.3395;1.469386351;0.70939779;0.187691783;0.006836005;Bumblebee;Bombus hortorum
116;0.81233908;0.884318531;300.3179933;0;408752;0.028987667;0;255;44.07220025;29;41.98977782;0;255;34.12705116;18;36.925592;0;255;23.3786941;14;29.63593811;695704;1.332968237;60.04639435;1067265.9;1.639161497;0.6518563;0.191647602;0.008905911;Bumblebee;Bombus hortorum
117;0.589802756;0.835239304;351.0368828;60;437662;0.035435167;0;255;79.33237697;75;55.04209464;0;255;63.96975109;57;49.20162809;0;255;44.20790552;35;37.77769459;850444;1.064464142;31.48746872;1201527.136;1.251134006;0.707802574;0.178981322;0.001420211;Bumblebee;Bombus hortorum
118;0.703359925;0.760236394;237.9026513;120;793194;0.037257;0;255;51.73660319;30;50.03049179;0;244;43.72872883;19;45.57374958;0;255;43.70528469;19;46.87815092;894168;0.853907962;75.46554565;1573851.04;1.126160103;0.568140172;0.194525924;0.004087221;Bumblebee;Bombus hortorum
119;0.494096307;0.692348866;103.0098183;150;428638;0.015522;6;255;98.86679659;95;59.26082927;4;255;85.03650732;76;59.95046411;0;255;76.4138803;62;58.26662468;372528;1.149358226;80.08724213;776807.999;1.241202104;0.479562518;0.23938505;0.001107787;Bumblebee;Bombus hortorum
120;0.510039072;0.666229541;157.6581611;30;343578;0.02839925;4;255;92.23340405;73;69.9132284;0;255;68.99127618;52;54.78930736;0;255;50.7987799;40;42.8576025;681582;0.693754197;43.14079285;1345819.434;1.031723728;0.506443868;0.185708281;0.000771076;Bumblebee;Bombus hortorum
121;0.728993607;0.73532863;180.145878;90;262298;0.018408125;1;255;52.2702113;42;40.98332592;0;255;40.38513111;30;33.45577913;0;255;38.69533155;25;37.68652623;441795;0.755781684;24.71744156;801494.8015;1.259058411;0.551213806;0.200352755;0.005256507;Bumblebee;Bombus hortorum
122;0.600445883;0.478518973;263.4201446;120;402050;0.027151333;0;255;84.68429267;75;56.69897109;0;255;63.56085643;51;48.47260245;0;255;50.8648547;36;43.06832012;651632;0.75654031;17.08912468;2197881.794;1.740547077;0.296481823;0.248403043;0.002985665;Bumblebee;Bombus hortorum
123;0.680274068;0.67843324;220.8491264;150;406102;0.0302785;2;255;113.0384005;115;76.30952606;0;255;90.63322572;78;71.50702203;0;255;83.88364131;62;74.75051226;726684;1.004521477;40.45196152;1271467.717;1.578622128;0.571531617;0.201490034;0.003665815;Bumblebee;Bombus hortorum
124;0.561370378;0.606133936;276.033368;120;942194;0.032656375;0;255;71.88665307;73;51.874155;0;255;66.42482262;69;49.836506;0;255;54.1208863;47;49.17821587;783753;0.843166542;7.821352005;1481510.663;1.12370396;0.529022855;0.218512272;0.001670399;Bumblebee;Bombus hortorum
125;0.594867761;0.657521554;228.4830115;150;531400;0.038882208;0;255;65.16607853;52;54.53469786;0;255;54.26297589;45;47.56385768;0;255;38.30680913;23;47.53078172;933173;1.083944037;46.44978714;1761326.659;1.452023736;0.529812568;0.216312423;0.002162296;Bumblebee;Bombus hortorum
126;0.865604809;0.689788957;292.2049586;90;382616;0.04084775;0;255;78.70723602;58;67.66224332;0;255;60.93383152;37;59.09142728;0;255;54.3738629;27;61.0088545;980346;1.762561576;86.82016754;1780822.015;1.770937101;0.550501954;0.222238578;0.017725218;Bumblebee;Bombus hortorum
127;0.589657825;0.738205829;297.1495161;120;824712;0.032170333;0;255;87.26003513;87;52.73402152;0;255;73.98492141;71;50.63528228;0;255;56.55249143;50;42.21195396;772088;0.862014274;79.74944305;1270604.788;1.213020386;0.607653936;0.186212861;0.001535465;Bumblebee;Bombus hortorum
128;0.567043177;0.696795186;234.9651332;90;991534;0.042396458;0;255;56.2872567;38;53.23246475;0;255;46.40260832;22;48.54377006;0;255;45.92863889;18;52.06759153;1017515;1.079749805;4.616351604;1710892.128;1.182680164;0.594727735;0.193824857;0.001372872;Bumblebee;Bombus hortorum
129;0.525175152;0.630192136;229.0120017;120;647918;0.030271125;1;255;86.1404515;91;50.60168665;0;255;66.31925501;63;45.5453306;0;255;53.57339158;51;38.58660179;726507;0.976478495;49.60178375;1674208.294;1.120309761;0.433940629;0.235016141;0.001414714;Bumblebee;Bombus hortorum
130;0.499621609;0.590488105;138.4077951;84.234375;165424;0.02017875;3;255;75.02804724;61;56.05831993;0;255;56.87508311;42;45.47369334;0;255;49.09832745;31;46.40285332;484290;1.291891892;68.00886536;1016045.679;1.131296198;0.476641956;0.19637742;0.000784303;Bumblebee;Bombus hortorum
131;0.398756913;0.724306876;281.9495282;0;496536;0.03304125;0;255;65.05513689;30;69.45838867;0;255;55.87843352;19;65.70744535;0;255;53.47284833;15;65.23681777;792990;1.200956938;83.55840302;1257737.517;1.116596247;0.630489263;0.180527064;0.000243116;Bumblebee;Bombus hortorum
132;0.58752081;0.670471194;167.5150421;60;835770;0.030832875;1;255;60.98309569;49;52.01132531;0;255;48.52503213;31;46.8326815;0;255;48.80736876;26;49.96381865;739989;1.20200182;84.14398956;1400405.502;1.06014322;0.528410521;0.196046258;0.00167228;Bumblebee;Bombus hortorum
133;0.655411743;0.589881314;242.4144387;150;640680;0.03890025;0;255;89.01089003;82;59.66821152;0;255;81.81622976;68;59.88275906;0;255;69.15526678;51;59.83129349;933606;0.85356925;84.492836;2260749.754;1.186911703;0.412963;0.210871539;0.003335046;Bumblebee;Bombus hortorum
134;0.785102313;0.718063135;178.9092314;0;1020808;0.038781333;0;255;68.18938665;43;64.73275376;0;255;55.55770388;28;58.85337028;0;255;52.63846546;23;59.83738934;930752;0.995711222;65.82089233;1601758.992;1.437346797;0.581081177;0.216693999;0.009318986;Bumblebee;Bombus hortorum
135;0.817739726;0.601132301;190.6114972;120;317930;0.020028;1;255;99.67920744;99;70.19371833;0;255;84.23375607;79;65.87671119;0;255;71.14941582;47;65.6066165;480672;0.698350353;15.1858387;1097551.937;1.654068693;0.437949206;0.226494938;0.012942685;Bumblebee;Bombus hortorum
136;0.733203181;0.862356153;344.9344477;0;362166;0.035679375;1;255;59.0778566;47;48.69757789;0;255;44.63228289;30;43.03443692;0;255;44.94604376;28;45.0802651;856305;0.843866171;65.2510376;1183413.418;1.376140647;0.723589058;0.183590251;0.004554665;Bumblebee;Bombus hortorum
137;0.480017114;0.78220734;217.8032984;30;200006;0.0216115;0;255;90.20255034;87;61.47705001;0;255;71.04232315;61;55.60669903;0;255;59.80595015;47;49.79033728;518676;1.132555673;34.91939926;810011.6959;1.254360621;0.640331495;0.177282043;0.00053641;Bumblebee;Bombus hortorum
138;0.786758763;0.766923414;236.0860772;0;416994;0.029323125;0;255;54.91288303;41;48.72910494;0;255;40.48553261;24;41.50961821;0;255;31.12463428;18;37.4820659;703755;1.262607041;53.6582756;1209097.306;1.12009499;0.582049928;0.199454991;0.007992122;Bumblebee;Bombus hortorum
139;0.778426923;0.653636813;214.1686379;30;451834;0.024273375;7;255;105.6927601;92;51.09277092;4;226;93.30379308;86;44.6739912;0;255;81.02708729;66;54.12170316;582561;1.088927637;18.04782295;1169919.521;1.491664514;0.497949636;0.237925196;0.01069534;Bumblebee;Bombus pascuorum
140;0.617508824;0.760503945;258.8147641;90;363274;0.021783875;16;246;135.4887063;140;45.13782409;10;231;118.747095;120;39.98686519;6;255;98.21545371;98;44.70080842;522813;0.732188841;15.25511837;963182.7082;1.229168668;0.542797328;0.197186867;0.00215777;Bumblebee;Bombus pascuorum
141;0.487176961;0.673399994;153.5350605;150;377878;0.020439542;6;255;125.05788;122;62.4657251;1;254;113.7475808;114;52.06538199;0;255;91.94302914;90;51.16144564;490549;0.954588458;26.56505013;917748.0001;1.239605145;0.534513832;0.194681758;0.000687165;Bumblebee;Bombus pascuorum
142;0.693417345;0.60736269;175.4008101;60;626670;0.0185875;15;255;121.8081596;115;45.28569209;0;222;98.07513338;95;38.08876143;0;255;95.05364716;91;46.53500957;446100;0.757625721;11.91121578;1050813.129;1.229452393;0.424528385;0.221342618;0.004907889;Bumblebee;Bombus pascuorum
143;0.666586247;0.781420411;105.5607539;90;92770;0.008538125;3;255;129.0591221;123;62.12159287;0;255;93.23357002;96;48.10892269;0;255;85.38861479;66;59.44869963;204915;0.888024883;70.98361206;315437.1942;1.155533178;0.649622187;0.19340591;0.003051645;Bumblebee;Bombus pascuorum
144;0.668724739;0.781702594;159.0318293;90;116744;0.00873025;3;255;125.8340492;114;56.08298943;0;255;87.34908794;81;44.56803437;0;255;74.39354066;52;58.39094748;209526;1.375733855;88.88761139;355230.1559;1.399791812;0.589831681;0.19159963;0.003044695;Bumblebee;Bombus pascuorum
145;0.621099883;0.86447579;167.4404009;63;52368;0.007945208;1;255;117.0299132;109;52.96459732;0;255;83.19411595;77;45.23395198;0;255;66.36265569;50;51.82888609;190685;1.126195029;23.96249008;288156.2591;1.457638731;0.661741656;0.173525195;0.001717416;Bumblebee;Bombus pascuorum
146;0.499529038;0.798909837;219.7482992;0;311844;0.02707825;7;255;116.167019;105;57.26391698;0;234;96.80323538;95;49.90774445;0;247;63.80490646;55;42.55297867;649878;0.802254987;5.906141281;1057617.156;1.183642452;0.614473769;0.18032587;0.000660768;Bumblebee;Bombus pascuorum
147;0.810741014;0.889244235;229.1822425;60;274040;0.02157225;13;255;157.3257039;153;59.17786279;5;255;117.2593224;112;50.14403698;0;255;97.42691228;84;60.65703038;517734;1.025289779;46.39718246;782369.1607;1.660002962;0.661751544;0.196773195;0.009279041;Bumblebee;Bombus pascuorum
148;0.686914533;0.890096861;319.7675391;30;210200;0.028808875;5;255;115.8738554;117;50.11706451;0;194;65.67562658;60;40.35912287;0;194;42.76275395;33;29.9937156;691413;1.298980747;90;1008745;1.299659478;0.685419011;0.179214642;0.003062152;Bumblebee;Bombus pascuorum
149;0.778278787;0.689265537;208.038458;90;178856;0.015237667;12;255;137.9508181;128;55.82760518;6;255;119.9827565;120;51.80945676;5;255;99.60025594;83;54.23664419;365704;0.76;57.48248672;706686.8026;1.019752091;0.517490915;0.208644881;0.003444735;Bumblebee;Bombus pascuorum
150;0.643553154;0.677429833;187.2529757;60;272248;0.01668425;0;255;94.96780147;90;48.19403322;3;254;75.762081;69;46.18582691;0;255;81.74230437;69;62.42527189;400422;0.78256705;70.76932526;673885.8346;1.373882948;0.594198571;0.199868158;0.002724624;Bumblebee;Bombus pascuorum
151;0.747054768;0.879477841;203.5509689;60;119810;0.014178833;4;255;109.4904699;96;60.99285567;0;255;79.07836505;64;54.547972;0;255;73.02051767;52;59.0512458;340292;1.339434276;88.10139465;479681.969;1.377579194;0.709411698;0.178903901;0.004753706;Bumblebee;Bombus pascuorum
152;0.713126325;0.688941696;208.3004806;30;520242;0.029318;13;255;120.1422008;120;55.85280406;0;255;91.61228313;90;49.7397341;0;255;83.14025087;75;49.08915215;703632;1.185727356;80.34010315;1370282.622;1.19350112;0.513494069;0.207395517;0.005000883;Bumblebee;Bombus pascuorum
153;0.979681357;0.888888889;283.1960452;120;736618;0.033310875;1;255;136.1415053;142;57.01993331;0;255;109.0343844;113;51.97469266;0;255;94.96329027;92;49.82639664;799461;4.285714286;28.55648804;1746637.763;1.488189524;0.457714254;0.256423553;0.011974964;Bumblebee;Bombus pascuorum
154;0.672441958;0.557515308;181.117521;60;462114;0.033085583;2;216;60.8162795;59;34.91955584;0;199;42.32511643;35;30.29186126;0;201;45.422839;42;29.25639393;794054;0.902601331;46.87787628;2028677.903;1.024377156;0.391414526;0.239583855;0.00489883;Bee & Bumblebee;Bombus hortorum & Megachile centuncularis
155;0.88592136;0.707987314;137.0682;120;106604;0.007896625;13;255;167.4265219;195;69.89839813;2;255;162.1100365;182;73.436448;9;255;165.431218;198;76.83178541;189519;1.392920354;13.49573421;383897.9273;1.511267109;0.493670287;0.255226264;0.027175428;Butterfly;Pieris rapae
156;0.778919308;0.783225847;165.4214261;120;257456;0.015433792;3;205;81.81652543;81;47.47065178;3;182;68.39214008;62;43.55084322;0;157;56.90393104;45;38.91162327;370411;1.43902439;35.6279068;674240.6126;1.607895236;0.549375094;0.214157548;0.008696748;Bumblebee;Bombus pascuorum
157;0.572999725;0.707078715;252.5271444;30;605268;0.037792208;10;255;112.3358254;122;57.54400729;0;251;75.77551479;77;45.01525093;0;255;106.8042564;111;64.22426214;907013;0.915379449;32.34744644;1808109.579;1.362925241;0.501636079;0.216408418;0.001806609;Bee;Megachile centuncularis
158;0.760467686;0.588789869;182.5173524;30;376130;0.018113875;2;212;80.9149455;76;43.5721624;0;191;57.68113302;51;35.75178268;0;230;69.70647961;54;49.25092875;434733;0.994323557;48.06102753;1002865.457;1.06982455;0.433490851;0.236177143;0.009229744;Bee;Megachile centuncularis
159;0.742280058;0.653317921;194.0098183;120;306190;0.02211375;5;219;79.10277354;81;39.78626515;0;187;57.24623066;53;33.86661801;0;236;71.92585119;66;47.75084842;530730;1.180625631;77.5350647;1098072.421;1.195285772;0.483328777;0.227381383;0.007475359;Bee;Megachile centuncularis
160;0.596573109;0.720095133;258.5074005;90;593382;0.032661625;7;255;104.8242484;110;59.9329717;0;255;73.11847492;69;48.01841745;5;255;104.9213195;98;63.6514988;783879;0.8435916;20.73591805;1523040.62;1.364425423;0.514680298;0.206858033;0.002005131;Bee;Megachile centuncularis
161;0.666220985;0.705088568;211.558867;120;176658;0.021076625;13;245;120.7024191;123;46.47936707;0;219;66.45348817;63;32.47926382;10;255;102.7073575;91;57.81061897;505839;0.824336688;9.462322235;926731.7384;1.043258379;0.545831095;0.193175167;0.0030358;Bee;Apis mellifera
162;0.724648785;0.680541872;173.7020749;120;335030;0.01761625;6;251;135.8902552;145;49.04036433;0;223;84.1668346;84;37.18871649;5;255;119.9986092;118;53.07644155;422790;0.837231057;19.38451576;775546.3824;1.204105251;0.545151147;0.210060803;0.005600901;Bee;Apis mellifera
163;0.643158944;0.724430325;268.1776762;30;338546;0.026548125;12;241;123.7275216;126;41.20320943;7;205;84.93785813;83;31.52159978;10;255;101.2081848;99;43.76751388;637155;0.867459643;5.67302227;1156202.186;1.207760518;0.551075761;0.190009039;0.002467022;Bee;Apis mellifera
164;0.517106065;0.642434944;259.5671337;0;566898;0.034155375;8;237;101.310072;106;47.74985245;0;222;86.93733905;91;43.82132046;5;255;100.8310832;95;47.84194113;819729;0.830829523;8.652542114;1877642.765;1.356084974;0.436573461;0.224871726;0.001204456;Bee;Megachile centuncularis
165;0.581981674;0.642917782;72.95500319;0;214224;0.012401;8;255;125.3564296;119;44.0985091;3;235;111.1230647;107;42.93109882;0;236;94.137163;97;36.02704335;297624;0.825993555;10.5085535;677066.6792;1.334197063;0.439578566;0.234931818;0.002294173;Bee;Anthidium
166;0.490586202;0.533857844;139.1392544;149.8828125;228776;0.013548667;12;255;120.9162864;108;54.05079105;7;253;108.2316802;99;54.09616591;1;255;96.46914518;92;48.03639778;325168;0.881197381;9.039484024;948300.4429;1.242875943;0.342895548;0.295706788;0.001635324;Bee;Anthidium
167;0.533384078;0.515000716;137.8865748;120;321712;0.015881458;6;249;109.2238827;102;52.84977648;3;241;95.94107646;85;47.96163319;6;247;95.96625257;89;42.49250435;381155;0.958584987;48.15484619;944341.6127;1.025443442;0.403619829;0.272383646;0.002040493;Bee;Anthidium
168;0.71687568;0.765107622;231.37533;0;256564;0.01920825;10;255;154.223604;151;52.59988447;0;255;123.1557274;116;48.49947265;0;255;92.55566619;76;56.79161352;460998;1.146682189;78.00310516;782535.9684;1.216273862;0.589107745;0.190272678;0.004329507;Bumblebee;Bombus pascuorum
169;0.631806079;0.679525728;145.257882;30;259516;0.024756;5;255;142.4215493;133;56.91241123;0;255;113.2017726;104;51.69027394;0;255;84.43932784;71;49.36585283;594144;1.496141125;88.26721191;1222666.139;1.479521874;0.485941322;0.203400383;0.002572487;Bumblebee;Bombus pascuorum
170;0.788461443;0.698782826;117.1934349;150;143842;0.013032458;9;255;118.2663286;119;49.58754838;5;255;90.71182209;83;51.90278781;0;255;63.85893235;54;45.55320888;312779;1.131612903;41.86649704;641538.1203;1.395465354;0.487545463;0.216276161;0.009514968;Hover fly;Eristalis
171;0.74282724;0.808260654;276.3646626;120;284488;0.021322792;0;255;68.52016524;59;52.37043358;0;255;46.79159233;35;42.66623052;0;255;36.21429339;21;43.27647527;511747;0.656222023;6.602921963;813536.2626;1.455825341;0.629040184;0.189068126;0.005189508;Bumblebee;Bombus hortorum
172;0.515275708;0.781388237;256.3299306;120;249962;0.020887875;17;255;156.8675408;148;55.37127803;0;255;123.7204658;115;46.79927669;0;255;93.07091634;74;57.95059765;501309;0.871627907;46.4857254;768737.5035;1.082955851;0.652119869;0.184169523;0.000794786;Bumblebee;Bombus pascuorum
173;0.625682301;0.677681843;87.33106427;0;154670;0.012898375;7;255;124.270286;119;51.28228649;3;255;101.942945;104;45.80823011;0;255;85.13152497;82;49.39329036;309561;1.062863795;29.46783829;567092.0792;1.328414434;0.545874314;0.215017348;0.002738474;Bee;Apis mellifera
174;0.601008458;0.597350476;133.2914749;150;374814;0.022444125;12;255;131.0445551;124;47.10593034;5;255;107.7753867;110;42.89092505;0;255;76.4859438;73;39.13203797;538659;0.908190819;84.58408356;1112537.308;1.035407051;0.484171628;0.223692153;0.00243096;Bee;Apis mellifera
175;0.696437163;0.757415382;229.846717;120;446436;0.030173125;12;255;132.9325807;121;54.5611508;6;255;111.1990113;99;49.64671092;4;255;110.5469009;98;55.24892958;724155;1.131463628;6.918147564;1417092.282;1.016567858;0.511014709;0.226485476;0.005257719;Hover fly;Eristalis
176;0.915067339;0.87804878;251.6028617;150;632856;0.027643917;5;255;113.5434846;109;48.63051392;0;255;102.5885517;103;47.27074506;0;255;92.26676906;84;50.12022245;663454;0.583333333;33.04812622;1288495.641;1.110835059;0.514905894;0.223930742;0.000649923;Hover fly;Eristalis
177;0.59526581;0.796274286;111.0278348;60;380742;0.02409025;1;252;88.55858698;89;57.33113764;1;237;70.7531695;62;51.99642092;0;255;62.46699564;53;52.92400385;578166;1.209545984;84.0837326;872271.5214;1.246948173;0.662828014;0.188165013;0.001641504;Bumblebee;Bombus hortorum
178;0.788359537;0.845861431;252.0197387;0;333622;0.026822125;14;255;126.3037899;117;47.45338832;10;255;98.99759372;93;40.26497689;0;255;81.61830796;68;50.34259665;643731;0.633624108;27.36821175;978855.0265;1.533523282;0.657636711;0.191774962;0.007476087;Bumblebee;Bombus pascuorum
179;0.775707419;0.827025955;229.3501767;150;219546;0.016852458;3;255;114.568735;114;70.22941507;0;255;104.6181887;101;67.79240768;0;255;90.01346984;82;68.28180926;404459;0.909284952;55.66978073;654552.2756;1.345026657;0.617917033;0.196415325;0.007145587;Bumblebee;Bombus hortorum
180;0.554871658;0.422775625;14.87588703;150;402180;0.015003875;7;255;83.93138439;76;49.06524767;5;237;73.53891634;66;43.738068;5;255;87.82356225;77;51.00899926;360093;1.191674734;3.445086002;1243202.708;1.238602824;0.289649465;0.35546499;0.00418341;Wasp;Isodontia mexicana
181;0.838276309;0.577972968;151.5683878;120;221284;0.012524125;3;255;115.2229198;106;53.88855383;0;255;106.1159096;97;52.13828407;0;255;95.44573972;87;46.20760486;300579;0.953513514;68.15978241;660368.7441;1.462369746;0.455168423;0.25058695;0.018450722;Bee;Anthidium
182;0.872722547;0.574626206;168.6306948;120;212728;0.014082125;2;255;151.901169;159;58.44350437;0;255;140.1326771;145;56.11791951;0;255;141.6243494;141;54.28500599;337971;1.623169108;23.67053795;805359.4345;1.613777893;0.419652376;0.266707877;0.026908277;Bee;Anthidium
183;0.563340565;0.803882483;273.748745;169.3359375;223444;0.024415083;32;255;162.5111526;164;44.82998751;17;249;140.5275188;145;43.47809181;0;255;132.0377328;132;56.81906735;585962;1.04440333;45.91098404;999201.6809;1.139308923;0.586430158;0.199123912;0.001410408;Bumblebee;Bombus pascuorum
184;0.71198291;0.782491444;205.3704766;150;308960;0.02372025;13;255;138.1781196;139;44.3480263;7;234;122.6260948;128;41.26628561;7;255;123.3544703;123;47.2954312;569286;1.02160216;45;869780.0432;1.416967613;0.654517202;0.194549004;0.004362847;Bee;Apis mellifera
185;0.71198291;0.782491444;205.3704766;150;308960;0.02372025;37;255;108.9221516;96;55.64758823;16;246;115.4967011;105;36.50469575;17;255;96.28874415;77;54.04012457;569286;1.02160216;45;869780.0432;1.416967613;0.654517202;0.194549004;0.004362847;Bee;Apis mellifera
186;0.438940187;0.73850241;169.2108821;30;295030;0.01897225;0;249;116.6574756;115;54.33799597;0;234;98.01789016;102;48.0852832;1;255;91.0900372;86;44.89987039;455334;0.803766105;82.36343384;767287.06;1.243200333;0.593433701;0.18473191;0.000387819;Bumblebee;Bombus pascuorum
187;0.775307942;0.674657198;122.6230313;0;186548;0.0105845;4;255;111.3919607;105;57.9644944;3;245;89.17843702;80;53.69217131;0;255;82.04838443;72;52.42593009;254028;1.759924386;88.33971405;487428.2259;1.783495374;0.521159807;0.222165172;0.009113329;Bee;Anthidium
188;0.948973116;0.496015632;223.8244737;30;828448;0.037367875;22;255;215.1956092;235;45.71260327;26;255;213.3180997;233;43.73345309;33;255;218.4906922;238;49.94985962;896829;0.884031293;46.36519241;2183918.055;2.528804043;0.410651397;0.374839053;0.094265834;Butterfly;Pieris rapae
189;0.952757227;0.572136445;242.0098183;120;1134190;0.039580042;30;255;180.7515688;195;39.11418101;31;255;178.9765317;193;37.44348799;27;255;185.1513957;195;42.98265803;949921;0.530969671;18.68085098;2347998.352;2.608650798;0.404566298;0.362513216;0.090767354;Butterfly;Pieris rapae
190;0.598923922;0.949643977;349.0098183;120;178026;0.023845125;0;255;79.78968797;82;61.01365562;0;255;68.84716827;66;53.78975423;0;255;71.69117727;68;57.21532693;572283;1.217772215;15.67952538;722137.7175;1.244882578;0.792484572;0.166079747;0.001317496;Bumblebee;Bombus hortorum
191;0.715240588;0.4763049;126.5048775;90;280346;0.011769375;5;255;79.30273485;75;45.50559585;5;255;72.77605721;71;44.16331125;1;255;54.56003753;48;35.30209793;282465;1.027554535;4.305237293;754335.8926;1.057763934;0.374455203;0.25180576;0.007490013;Bee;Megachile centuncularis
192;0.811975389;0.606040725;300.1064694;30;631974;0.0324855;0;255;187.3901869;215;59.43228217;2;255;186.9237673;212;59.43778937;0;255;175.9463722;192;60.31601478;779652;1.232481451;23.21810341;1631332.658;1.512587629;0.477923369;0.21491711;0.011169991;Butterfly;Polyommatus icarus
193;0.787517077;0.637501812;333.4434699;90;302082;0.041817125;10;255;191.3415018;216;56.15907398;8;255;190.02078;213;57.16336629;5;255;181.3979859;195;57.53008189;1003611;1.218518519;20.70760918;1968349.157;1.496627417;0.509874479;0.208582836;0.008846279;Butterfly;Polyommatus icarus
194;0.500133189;0.573008183;157.553463;60;358558;0.022354625;3;255;143.8417535;133;62.00546944;1;255;110.4751496;94;58.78779841;0;255;110.4971194;97;59.54458732;536511;1.014274385;56.7251091;1198638.728;1.088017127;0.447600255;0.228182789;0.001063894;Bee;Anthidium manicatum
195;0.595819798;0.627593138;199.8222303;30;323098;0.024717625;0;255;104.5054474;91;55.26018241;0;255;77.85279229;61;54.03290209;0;255;70.50005141;55;50.47127486;593223;1.107454017;82.68097687;1054887.108;1.065299838;0.562356858;0.194306984;0.00175835;Bee;Anthidium manicatum
196;0.643817183;0.772212137;188.1480653;60;347870;0.02660525;3;248;90.89539815;93;53.04125114;0;230;55.40679001;47;40.96563614;0;249;80.84584809;77;49.57126278;638526;0.994713656;16.38953972;1209188.144;1.092308449;0.528061744;0.214538897;0.003145793;Bee;Anthidium manicatum
197;0.960220361;0.900542495;231.6570741;30;532220;0.023532875;0;255;70.34554674;57;54.46343497;0;255;47.20726324;31;42.63557246;0;255;57.5705706;41;50.80194246;564789;3.105263158;49.59185028;1437213.461;1.042964292;0.392975028;0.262865851;0.00092843;Bee;Anthidium manicatum
198;0.667860916;0.620425925;125.0098183;90;365552;0.02349525;0;255;63.24698787;53;50.86940109;0;255;40.83867839;27;38.72849118;0;255;50.63561784;34;47.04314941;563886;0.98446937;72.64597321;1069253.819;1.084344709;0.527364027;0.221065721;0.004023681;Bee;Anthidium manicatum
199;0.745503122;0.620739622;144.0723047;150;491848;0.03651925;0;255;73.69627776;65;52.8563619;0;255;60.29204689;50;47.79555683;0;255;49.69278645;33;47.41897314;876462;1.102341137;31.306427;2120413.878;1.325070289;0.413344776;0.255523131;0.009669155;Bee;Anthidium manicatum
200;0.816496581;1;323.8549058;0;448350;0.028376708;4;255;140.8877659;141;83.31519714;0;230;74.56885415;59;50.70532371;0;255;91.14109283;89;51.53502893;681041;1;53.77397537;1119302.514;1.263659437;0.608451238;0.200470384;0.007064514;Bumblebee;Bombus pascuorum
201;0.672872779;0.575533013;128.0918233;60;464192;0.020289625;0;255;63.18913607;40;64.62949629;0;207;36.07968564;19;37.04047813;0;234;42.03497683;26;43.64114252;486951;0.92430614;28.3549633;1054200.876;1.109602981;0.461914812;0.209197767;0.003747394;Bumblebee;Bombus lapidarius
202;0.495129142;0.672804908;159.0098183;60;0;0.03662225;0;236;81.03563976;97;54.42810172;0;197;61.55434196;66;41.67281631;0;206;58.71298869;59;40.74911421;878934;1.136043784;1.676470995;1833904.773;1.167231364;0.47926916;0.203830171;0.000811149;Bumblebee;Bombus lapidarius
203;0.858143952;0.608205185;402.0906559;120;1131486;0.069018792;4;255;116.1869732;117;52.1279112;2;255;105.4775716;103;55.33725762;0;255;81.30301047;78;47.65913662;1656451;0.691858038;19.39372826;3389573.784;1.485546172;0.488690055;0.239786055;0.01945794;Hover fly;Eristalis
204;0.738789325;0.71560711;210.0098183;150;459514;0.03745425;0;230;50.54562121;27;51.38129346;0;208;44.90806673;21;49.41981511;0;255;47.06847354;25;49.71733151;898902;1.175019275;36.46662521;1558156.882;1.339365837;0.576900831;0.193371591;0.005267752;Bumblebee;Bombus hortorum
205;0.670927203;0.794329375;231.2348169;150;251922;0.034826875;0;225;61.39199134;47;49.52138228;0;201;57.78973972;39;49.44539633;0;226;50.09537654;34;45.72376343;835845;1.102476516;64.40150452;1229830.151;1.132075489;0.679642631;0.182817378;0.002819379;Bumblebee;Bombus hortorum
206;0.655288885;0.663524337;115.3744576;150;304964;0.021623042;15;255;139.8297206;138;54.8856403;0;255;112.5273194;107;48.21922402;0;255;105.3281665;99;54.17174968;518953;1.282848546;30.11941338;974170.8461;1.052847576;0.532712513;0.231973858;0.004022352;Bee;Apis mellifera
207;0.779584537;0.511065195;342.4846349;60;670902;0.0633095;13;255;187.2324105;201;55.81017698;11;255;170.2053852;184;53.60535329;10;255;152.6855211;166;48.71351573;1519428;1.025702047;22.76500893;3538771.623;1.125261823;0.429365939;0.25038069;0.011945968;Butterfly;Macroglossum stellatarum
208;0.986575684;0.895060754;13.90226228;0;589884;0.027100667;19;255;154.7813753;158;45.54500079;17;255;135.6945785;132;49.59630298;13;255;126.9181616;127;54.58891747;650416;1.481203008;84.72847748;2030433.329;1.438079526;0.320333591;0.302120669;0.023215154;Butterfly;Macroglossum stellatarum
209;0.463539458;0.692748565;163.4876455;0;164076;0.010833;0;255;64.54610142;47;54.56080442;0;255;56.38186944;36;50.02751343;0;255;42.26043109;25;42.45119909;259992;0.816448153;43.88858414;458978.8555;1.032476054;0.566457467;0.174991348;0.000443649;Bumblebee;Bombus hortorum
210;0.487808496;0.621472025;221.3150374;90;127174;0.012324125;0;255;57.09252178;38;51.85157245;0;255;47.99579754;29;45.87597748;0;255;37.49528871;19;46.78617531;295779;0.83004386;80.77171326;653975.2463;1.15311285;0.452278586;0.18473926;0.00061987;Bumblebee;Bombus hortorum
211;0.652949564;0.493179298;144.3185152;30;268290;0.013546875;0;255;72.60908574;52;59.9108026;0;255;72.53419762;55;58.76037098;0;255;76.91844983;62;60.87832072;325125;0.957836847;43.28848267;844113.0102;1.036173018;0.385167621;0.234367277;0.004031739;Bee;Thyreus
212;0.483894978;0.803600295;106.0286845;30;170874;0.006400375;2;255;72.45839762;66;49.46123118;3;255;80.82420952;74;54.57306027;0;255;64.79707569;47;54.52274797;153609;1.035643564;59.85163879;260578.1552;1.015788238;0.589493006;0.187504935;0.000618193;Bee;Thyreus
213;0.620411171;0.769712078;63.66514014;150;144974;0.013624;4;255;117.5688063;113;52.04453801;2;255;101.404152;107;50.8007716;0;255;74.78958394;67;46.89423697;326976;1.173314993;85.70491028;601640.279;1.234003041;0.543474251;0.227099045;0.002929244;Bee;Apis mellifera
214;0.605524195;0.776310845;268.8480596;150;497730;0.03511875;0;255;64.95735896;60;51.62448761;0;255;56.20595598;43;48.01866448;0;255;46.81347215;31;47.15272457;842850;0.908745247;17.07641029;1438276.175;1.267131126;0.586014018;0.19924294;0.0020005;Bumblebee;Bombus hortorum
215;0.449990666;0.704885178;191.7805147;90;165430;0.016076375;3;247;69.99023671;51;57.36548645;2;255;58.93270145;43;47.97927668;0;255;45.41641591;31;41.08701352;385833;0.985832349;90;703885;1.014405762;0.54814778;0.188576718;0.000451282;Bumblebee;Bombus hortorum
216;0.170520118;0.671520988;208.7009777;30;484866;0.0360285;0;255;115.6540991;119;67.87509747;0;255;94.63771852;94;62.41748579;0;255;84.80132395;72;62.91020692;864684;0.801685029;26.27621078;1723724.775;1.184233763;0.501636928;0.212831392;0.00000985904;Bumblebee;Bombus hortorum
217;0.641389397;0.68514609;195.03033;120;320390;0.02317775;3;255;114.6321975;115;54.78655241;0;255;97.70836974;104;54.3526032;0;255;75.56213934;63;53.27453381;556266;1.214054054;3.809854269;981754.0781;1.199179303;0.566604216;0.199652899;0.002672997;Bee;Apis mellifera
218;0.510761405;0.590089987;208.3220839;150;233578;0.019377375;2;255;141.6508815;146;64.15728432;1;255;118.030807;116;63.14326813;0;255;98.94900195;93;61.66344181;465057;0.95679568;17.31164551;1047660.894;1.273722903;0.443900314;0.230986905;0.001200567;Bumblebee;Bombus pascuorum
219;0.720212885;0.795514887;313.241362;120;828726;0.04788425;0;255;89.95101643;80;63.12643855;0;255;74.29211327;62;57.89339781;0;255;65.73175592;48;58.04186817;1149222;0.947190251;58.4292984;2012348.945;1.193340862;0.571084852;0.19512721;0.004661372;Bumblebee;Bombus hortorum
220;0.789092397;0.827687334;248.8631888;0;709176;0.043416167;0;255;86.2456439;73;69.15306056;0;255;76.08669198;58;65.67119172;0;255;64.87893815;43;64.15181448;1041988;0.694850604;74.05460358;1520243.054;1.484593428;0.685408821;0.197728864;0.007990493;Bumblebee;Bombus hortorum
221;0.396954878;0.705581872;325.1713166;0;501426;0.038485875;0;255;94.69786426;81;65.1181206;0;255;80.73899623;64;60.9505263;0;255;69.59042008;48;62.48456431;923661;1.135033758;70.41793823;1570694.926;1.212640153;0.588058817;0.198321691;0.00028769;Bumblebee;Bombus hortorum
222;0.551237605;0.684525573;200.0723085;0;550952;0.0401345;2;255;111.5219346;106;68.45712673;0;255;95.65791692;87;64.46151116;0;255;84.60774708;65;68.33706147;963228;1.236431227;70.89648438;1886020.711;1.125659755;0.510719736;0.195619768;0.001228343;Bumblebee;Bombus hortorum
223;0.442379735;0.920617491;180.0098183;60;85564;0.007721125;18;255;143.7094497;139;59.17025111;14;255;136.4037462;131;57.78313121;0;255;125.0391405;125;58.55502522;185307;0.810858144;16.91700554;251257.5444;1.132364786;0.737518153;0.165774374;0.000324928;Bee;Trachusa byssina 
224;0.912688081;0.493056768;229.0360177;0;574404;0.022474;11;255;136.7709761;136;47.92915934;12;254;127.4687324;123;43.61530416;0;255;106.5059087;104;47.02808477;539376;0.725835866;14.76372528;1816203.08;1.334621758;0.296980005;0.319368438;0.051967454;Butterfly;Macroglossum stellatarum
225;0.955692717;0.938967136;265.7066051;120;593856;0.032730125;15;240;106.0482468;106;35.34583617;8;236;87.06307517;86;39.81264192;0;246;74.34414142;69;42.34972838;785523;1.459459459;64.27541351;2199158.21;1.583139922;0.357192582;0.234003139;0.001720327;Butterfly;Macroglossum stellatarum
226;0.707587986;0.718550389;152.9673287;90;378696;0.02533125;1;255;86.69796529;80;62.36405649;0;255;83.51525948;72;64.12619146;0;255;68.93429394;53;59.70833016;607950;1.317048853;66.88579559;1148024.408;1.193748441;0.529561912;0.220213355;0.005414878;Bumblebee;Bombus hortorum
227;0.556549897;0.67642706;145.0511917;150;435232;0.029271;3;255;85.4931915;72;60.75422096;0;253;71.55197123;54;58.14988393;0;255;67.54166951;55;55.42551823;702504;0.778397213;27.42787361;1385220.307;1.200655678;0.507142435;0.198139965;0.001318431;Bumblebee;Bombus hortorum
228;0.671234828;0.788353626;169.8626958;60;231618;0.0130305;2;255;91.38113784;97;66.0875463;1;255;77.06552575;72;61.51954521;0;255;79.05438842;66;71.49688533;312732;0.815991238;71.30696106;610984.7515;1.602644021;0.511849108;0.202135044;0.003454852;Bumblebee;Bombus hortorum
229;0.55748761;0.641859155;100.0098183;90;476528;0.026777;0;255;100.5821492;97;43.7704483;0;250;80.20718807;83;38.25326484;0;236;54.82701261;51;31.02676287;642648;1.126734505;13.38896561;1184443.572;1.087632105;0.542573758;0.220626416;0.001647744;Bee;Apis mellifera
230;0.809873469;0.693507261;175.3637461;60;512500;0.026699625;2;234;83.8001314;76;56.36727696;1;223;73.23850366;63;52.23670587;0;255;77.43605637;58;61.88331792;640791;0.554193548;81.88456726;1305826.857;1.940028151;0.490716665;0.20684016;0.010187604;Bumblebee;Bombus hortorum
231;0.740811726;0.785724963;241.161223;120;286090;0.017302417;14;255;148.1031118;154;48.96924573;7;242;124.1143361;126;46.14416918;8;255;121.5345809;113;58.61804834;415258;1.177095632;66.28565979;624053.0428;1.52689105;0.665421;0.193657767;0.005363495;Bee;Apis mellifera
232;0.684687625;0.776780909;146.0235163;90;74570;0.008178208;17;255;149.5102534;157;45.59258729;10;255;128.5090459;138;45.69916271;4;255;115.6368398;119;43.14916825;196277;1.395604396;1.88405025;285472.6175;1.404851685;0.687551057;0.191179229;0.003425988;Bee;Apis mellifera
233;0.794325254;0.645932895;159.0098183;90;135012;0.0129755;4;250;102.0114382;116;46.67989088;3;235;93.91405277;107;44.5328213;2;233;83.52421872;86;37.24256695;311412;1.378848728;46.00301743;610161.6005;1.292887689;0.510376267;0.229556796;0.011192751;Bee;Trachusa byssina 
234;0.479684836;0.516735399;275.4912151;60;867070;0.039391708;7;255;121.8541328;123;55.30810218;8;249;112.3662679;120;46.37474955;4;255;93.66156478;92;40.50778883;945401;0.888123012;46.25838852;2510089.218;1.093670325;0.376640397;0.25633285;0.001110539;Butterfly;Macroglossum stellatarum
235;0.657864409;0.528221713;40.27146256;30;226476;0.007349917;2;255;83.38800893;82;53.31562718;0;255;80.85055953;75;54.21130831;1;255;71.85426706;54;58.63037151;176398;0.713004484;24.58361435;466424.7832;1.439181185;0.378191739;0.285130627;0.00619936;Bee;Thyreus
236;0.673398462;0.87078627;400.0148183;90;1119308;0.1181235;3;255;56.33528962;24;63.37191272;0;255;34.13407754;18;42.00082336;0;255;26.87939529;14;43.28092886;2834964;0.822411003;74.83554077;4562580.326;1.050826217;0.621351033;0.180922889;0.002814209;Butterfly;Aglais urticae
237;0.89489094;0.558534046;408.334444;0;757356;0.0686645;0;255;115.0609036;105;78.50006726;0;255;89.37359674;71;68.06048581;0;255;72.43051419;47;64.39491631;1647948;2.042181818;81.84758759;3294240.7;2.257482314;0.500251241;0.241244407;0.025955733;Butterfly;Aglais urticae
238;0.94176893;0.440112172;265.2078575;30;1143554;0.074004917;0;255;79.10444745;61;62.96619416;0;255;66.19780274;49;57.87441943;0;255;59.50999427;42;57.03363389;1776118;1.342893836;32.34049606;5601135.667;1.997048986;0.317099621;0.384588237;0.093912515;Butterfly;Aglais urticae
239;0.812750279;0.541212049;139.1859657;0;494594;0.022765875;2;226;92.28927982;98;51.08970886;0;218;72.56458039;72;46.22140892;0;233;59.03594012;53;42.25930049;546381;1.595050619;4.249247551;1167514.388;1.597237088;0.467986524;0.254856604;0.01579729;Wasp;Vespula germanica
240;0.729516199;0.598846545;83.58014795;0;514672;0.02347975;3;236;93.43841679;84;55.59098623;1;231;75.83548412;64;53.87985788;0;245;59.99773386;50;46.70103176;563514;1.116319444;80.13418579;1410219.772;1.130840287;0.399593036;0.251547844;0.008318472;Wasp;Vespula germanica
241;0.722259;0.440073216;143.2927552;60;256552;0.020355917;3;220;94.15029414;99;50.09626592;2;210;73.51101441;66;45.76676314;0;214;54.52758412;45;38.62381953;488542;0.844759653;79.88673401;1330356.788;1.259083748;0.367226299;0.259475584;0.008383301;Wasp;Vespula germanica
242;0.59695303;0.507949606;155.4768566;60;460458;0.026751208;2;228;86.80148716;87;55.00009039;0;221;67.48573663;54;50.84452358;0;216;45.58439728;35;38.46756463;642029;0.980277575;73.86753082;1589513.944;1.141603374;0.403915299;0.234414803;0.002582936;Wasp;Vespula germanica
243;0.822355947;0.782209955;221.7416383;30.09375;318378;0.024148125;2;253;88.77204062;92;53.07329192;0;242;70.71446886;69;46.61778755;2;255;81.32869702;80;51.08373587;579555;1.478612717;66.80140686;1008415.782;1.203241381;0.574718296;0.205156772;0.010985296;Bee;Anthidium manicatum
244;0.647175347;0.607749739;81.00364521;0;105134;0.006230625;13;228;113.5008259;110;52.71514164;9;218;88.21972114;71;54.18640261;2;202;63.12108202;39;53.01093824;149535;0.928237129;26.12893486;366784.071;1.459234492;0.407692187;0.24985322;0.0043803;Bee;Apis mellifera
245;0.73963434;0.416619672;105.200122;30;200862;0.007295375;2;255;75.54136468;72;37.89096501;2;255;62.23474347;56;37.47317026;0;248;43.95999749;40;27.60828659;175089;0.743792325;13.45584297;547027.2888;1.526995067;0.320073612;0.298610804;0.012641055;Bee;Apis mellifera
246;0.776278062;0.667996669;83.37048047;149.765625;97020;0.00625025;7;214;98.7007853;98;46.79946716;7;208;75.14430089;70;43.4663257;0;204;55.65772702;47;38.47385903;150006;1.203094778;26.21408653;276449.6423;1.014430783;0.542616003;0.212840169;0.008424414;Bee;Apis mellifera
247;0.752550993;0.62094849;96.19713554;30;328308;0.020050375;7;255;89.27736597;82;52.39772592;2;255;65.28778763;52;46.71005984;0;255;56.71223315;46;39.26795927;481209;1.278384279;83.4870224;1030880.365;1.399026441;0.466794224;0.231790405;0.008383745;Bee;Apis mellifera
248;0.648539057;0.575695146;44.28170553;150;153816;0.0070325;5;252;79.89334044;60;54.3555302;4;239;60.23562033;37;52.16396028;0;233;57.19134376;31;51.85760145;168780;0.777188329;74.81416321;379953.1144;1.292787746;0.444212703;0.239799179;0.004078094;Bee;Apis mellifera
249;0.389568045;0.720489192;101.4248073;120;254006;0.01195925;6;255;140.4517493;141;57.82855727;3;255;111.7682408;119;52.95813714;3;255;103.1802998;102;53.47460115;287022;1.047559449;26.81556511;580325.0189;1.058732928;0.494588361;0.231532815;0.000361446;Bee;Apis mellifera
250;0.687417752;0.724414901;127.6734388;120;385114;0.023366667;0;255;127.0608238;125;62.59178458;0;255;101.6260057;96;60.36123553;0;255;77.42946683;63;59.83946465;560800;1.307363927;54.12289429;1092289.809;1.415673693;0.513416856;0.219162866;0.004597048;Bee;Apis mellifera
